geo_district	лазаревское
price_ukr	ціни
rest	отдых
poi_olympic_park	олимпийский парк
action_buy	купить
acm_hotel_en	hotel
wh_what	что
amn_amn	удобства
amn_basin	бассейн
amn_breakfast	завтрак
action_do	делать
feature_hourly	почасовая
poi_private_sector	частный сектор
amn_smoking	курящие
transaction_feature_wo_mediators	без посредников
amn_jacuzzi	джакузи
action_use	использовать
trip	поездка
lang_ukr	на українській мові
how_many	сколько
acm_acm	проживание
poi_park_en	park
action_select	подобрать
amn_bowling	боулинг
action_drive	ехать
poi_centre	центр
acm_hotels_grand	гранд
contacts_site_ukr	офіційний сайт
amn_banya	баня
wh_where_direction	куда
action_show	показать
wh_where	где
action_overnight	переночевать
amn_laundry	прачечная
contacts_phone	телефон
amn_safe	сейф
amn_kitchen	кухня
geo_oblast_ukr	дніпропетровська
action_save	сэкономить
wh_how	как
action_fly	лететь
poi_park	парк
peninsula	крым
acm_obj_ukr	санаторій
agregator_booking	booking
acm_hostel	хостел
action_see	посмотреть
amn_restaurant	ресторан
word_variant	вариант
resort_en	resort
tickets	билеты
transport_plane	самолёт
acm_minigost	минги-гостиница
	минигостиница
lang_rus	на русском
	на русском языке
amn_parking	парковка
	паркинг
action_phone	позвонить
	звонить
amn_atm	банкомат
	atm
action_stay	остановиться
	пожить
action_perceive	слушать
	смотреть
reviews	отзывы
	отзывы туристов
acm_gost_ukr	готель
	готелі
contacts_site	официальный сайт
	сайт
photo	фото
	фотографии
action_rest	отдохнуть
	отдыхать
tour	туры
	путевки
arrangement	мероприятие
	экскурсия
rating	список
	рейтинг
amn_no_smoking	некурящие
	для некурящих
acm_obj_part	комната
	номер
amn_all_inclusive	всё включено
	все включено
how_far	как далеко
	сколько ехать
map	карта
	карта города
detailed	подробный
	подробно
city_ukr	львів
	львові
	чернігів
amn_newly_weds	новобрачные
	молодожёны
	молодожены
poi_tc	торговый центр
	тц
	карлтон
acm_hotel	отель
	гранд отель
	otel
acm_minihotel	мини-отель
	мини отель
	миниотель
econom_class	эконом класс
	эконом-класс
	экономкласс
acm_gost	гостиница
	г-ца
	гостинница
city_city	г.
	г
	город
amn_beach	пляж
	собственный пляж
	свой пляж
transport_train	поезд
	плацкарт
	плацкартный
geo_uts	витязево
	красная поляна
	лоо
acm_apart	апартотель
	апартаменты
	апарт отель
action_visit	съездить
	сходить
	посетить
	погулять
agregator_ostrovok	островок
	островок.ру
	ostrovok
	ostrvok.ru
amn_internet	интернет
	вайфай
	вай-фай
	wi-fi
acm_hotels_popular	holiday inn
	холидей инн
	хилтон
	парк отель
amn_view	панорамный вид
	лучший вид
	красивый вид
	потрясающий вид
hot	горящие туры
	горячие туры
	горячие путёвки
	горящие путевки
time_season	лето
	осень
	зима
	весна
acm_ghouse	гостевой дом
	гестхаус
	гест-хаус
	гест хаус
price	цены
	цена
	стоимость
	сколько стоит
location_line	первая линия
	1 линия
	1-я линия
	1я линия
space_near	близко
	недалеко
	ближайший
	рядом
	возле
poi_airport	аэропорт
	шереметьево
	домодедово
	внуково
	пулково
city_en	sharm el sheikh
	dubai
	patayya
	hurghada
	istanbul
poi_street_popular	улица
	ул
	ул.
	ленина
	маяковского
action_reach	проехать
	доехать
	попасть
	идти
	добраться
stars_3	3*
	3 *
	три звезды
	трехзвездочный
	трёхзвёздочный
	3 звезды
holiday	новый год
	новогодний
	рождество
	рождественский
	каникулы
	зимние каникулы
poi_metro	метро
	м.
	ст. м.
	ст
	ст м
	станция метро
acm_hostel_popular	друзья
	лайк
	арумс
	граффити
	крыша
	иван да марья
stars_2	2*
	2 *
	две звезды
	двухзвездочный
	двухзвёздочный
	2 звезды
date_year	2015
	2016
	2015г
	2016г
	2015 год
	2016 год
amn_spa	спа процедуры
	спа комплекс
	спа салон
	спа лечение
	спа зона
	спа
stars_4	4*
	4 *
	четыре звезды
	четырехзвездочный
	четырёхзвёздочный
	4 звезды
poi_sea	море
	побережье
	черноморское
	красное море
	средиземное море
	черное море
price_cheap	недорого
	недорогой
	дешёвый
	дешевый
	дешево
	эконом
	бюджетный
acm_obj	спаотель
	гостиничный комплекс
	дом отдыха
	пансионат
	кофехостел
	санаторий
	база отдыха
action2book	бронировать
	забронировать
	заказать
	снять
	арендовать
	аренда
	бронирование
	бронь
stars_5	5*
	5 *
	пять звезд
	пять звёзд
	пятизвездочный
	пятизвёздочный
	5 звездочный
	5 звезд
	5 звёзд
poi_station	вокзал
	ж\д вокзал
	ж/д вокзал
	жд вокзад
	киевский вокзал
	курский вокзал
	ленинградский вокзал
	ярославский вокзал
	казанский вокзал
	московский вокзал
	ладожский вокзал
	павелецкий вокзал
date_month	январь
	февраль
	март
	апрель
	май
	июнь
	июль
	август
	сентябрь
	октябрь
	ноябрь
	декабрь
stopword	и
	в 
	не
	на
	с
	со
	по
	к
	у
	за
	от
	до
	можно
poi_avenue	проспект
	невский
	ленинский
	волгоградский
	ленинградский
	нахимовский
	московский проспект
	олимпийский проспект
	рязанский проспект
	лиговский
	курортный
	гражданский
	мичуринский
	кутузовсский
	проспект просвещения
acm_gost_popular	турист
	октябрьская
	космос
	русь
	интурист
	волга
	эконом
	азимут
	корстон
	восход
	националь
	салют
	спутник
	рэдиссон славянская
	алмаз
acm_hotel_popular_en	grand
	himeros beach
	amc royal
	nha trang
	phuong nhung
	u dream
	welcome marina
	serenity makadi beach
	aqua park beach
	siva grand beach
	aqua blu
	coral beach
	the residence
	aurora oriental
	panorama bungalows
	turtle beach
island	остров
	васильевский
	пхукет
	корфу
	самуи
	канары
	канарские острова
	родос
	острова кука
	санторини
	барбадос
	бали
	боракай
	майорка
	самуи
	хайнань
	мальдивы
	крит
	гран канария
	гран-канария
acm_hotel_popular	москва сити
	красные холмы
	хилтон
	холидей инн
	алые паруса
	классик
	аристократ
	бристоль
	арт галактика
	русские сезоны
	ривьера
	марриотт
	ритц карлтон
	калифорния
	европа
	гранд
	парус
	ибис
	ливадийский
	золотое кольцо
poi_metro_station_spb	Автово 
	Адмиралтейская 
	Академическая 
	Балтийская 
	Бухарестская 
	Василеостровская 
	Владимирская 
	Волковская 
	Выборгская 
	Горьковская 
	Гостиный двор 
	Гражданский проспект 
	Дачное 
	Девяткино 
	Достоевская 
	Елизаровская 
	Звёздная 
	Звенигородская 
	Кировский завод 
	Комендантский проспект 
	Крестовский остров 
	Купчино 
	Ладожская 
	Ленинский проспект 
	Лесная 
	Лиговский проспект 
	Ломоносовская 
	Маяковская 
	Международная 
	Московская 
	Московские ворота 
	Нарвская 
	Невский проспект 
	Новочеркасская 
	Обводный канал 
	Обухово 
	Озерки 
	Парк Победы 
	Парнас 
	Петроградская 
	Пионерская 
	Площадь Александра Невского
	Площадь Александра Невского-1 
	Площадь Александра Невского-2 
	Площадь Восстания 
	Площадь Ленина 
	Площадь Мужества 
	Политехническая 
	Приморская 
	Пролетарская 
	Проспект Большевиков 
	Проспект Ветеранов 
	Проспект Просвещения 
	Пушкинская 
	Рыбацкое 
	Садовая 
	Сенная площадь 
	Спасская 
	Спортивная 
	Старая Деревня 
	Технологический институт 
	Удельная 
	Улица Дыбенко 
	Фрунзенская 
	Чёрная речка 
	Чернышевская 
	Чкаловская 
	Электросила 
geo_oblast	область
	край
	Адыгея
	Алтай
	Башкортостан
	Бурятия
	Дагестан
	Ингушетия
	Кабардино-Балкария
	кабардино балкария
	Калмыкия
	Карачаево-Черкесия
	карачаево черкесия
	Карелия
	Коми
	Марий Эл
	Мордовия
	Саха (Якутия)
	Северная Осетия
	Алания
	Татарстан
	Тыва
	Удмуртия
	Хакасия
	Чечня
	Чувашия
	Алтайский
	Забайкальский
	Камчатский
	Краснодарский
	Красноярский
	Пермский
	Приморский
	Ставропольский
	Хабаровский
	Амурская
	Архангельская
	Астраханская
	Белгородская
	Брянская
	Владимирская
	Волгоградская
	Вологодская
	Воронежская
	Ивановская
	Иркутская
	Калининградская
	Калужская
	Кемеровская
	Кировская
	Костромская
	Курганская
	Курская
	Ленинградская
	Липецкая
	Магаданская
	Московская
	Мурманская
	Нижегородская
	Новгородская
	Новосибирская
	Омская
	Оренбургская
	Орловская
	Пензенская
	Псковская
	Ростовская
	Рязанская
	Самарская
	Саратовская
	Сахалинская
	Свердловская
	Смоленская
	Тамбовская
	Тверская
	Томская
	Тульская
	Тюменская
	Ульяновская
	Челябинская
	Ярославская
poi_metro_station	Авиамоторная 
	Автозаводская
	Академическая 
	Александровский сад
	Алексеевская
	алма атинская
	Алма-Атинская
	Алтуфьево 
	Аннино 
	Арбатская 
	Аэропорт 
	Бабушкинская 
	Багратионовская 
	Баррикадная 
	Бауманская 
	Беговая 
	Белорусская 
	Беляево 
	Бибирево 
	библиотека им. ленина
	Библиотека имени Ленина 
	Битцевский парк 
	Борисово 
	Боровицкая 
	Ботанический сад 
	Братиславская 
	Бульвар адмирала Ушакова 
	Бульвар Дмитрия Донского 
	Бульвар Рокоссовского
	Бунинская аллея
	Варшавская 
	ВДНХ
	Владыкино 
	Водный стадион 
	Войковская 
	Волгоградский проспект 
	Волжская 
	Волоколамская 
	Воробьёвы горы
	Выставочная
	Выхино
	Деловой центр 
	Динамо 
	Дмитровская 
	Добрынинская
	Домодедовская 
	Достоевская 
	Дубровка 
	Жулебино 
	Зябликово 
	Измайловская
	Калужская 
	Кантемировская 
	Каховская 
	Каширская 
	Киевская 
	китай город
	Китай-город
	Кожуховская 
	Коломенская 
	Комсомольская 
	Коньково 
	Котельники 
	Красногвардейская 
	Краснопресненская 
	Красносельская 
	Красные ворота
	Крестьянская застава 
	Кропоткинская
	Крылатское 
	Кузнецкий мост 
	Кузьминки 
	Кунцевская 
	Курская 
	Кутузовская 
	Ленинский проспект 
	Лермонтовский проспект 
	Лесопарковая 
	Лубянка
	Люблино 
	Марксистская 
	Марьина роща 
	Марьино 
	Маяковская 
	Медведково 
	Международная 
	Менделеевская 
	Митино 
	Молодёжная 
	Мякинино 
	Нагатинская 
	Нагорная 
	Нахимовский проспект 
	Новогиреево 
	Новокосино 
	Новокузнецкая 
	Новослободская 
	Новоясеневская
	Новые Черёмушки 
	Октябрьская
	Октябрьское поле 
	Орехово 
	Отрадное 
	Охотный ряд
	Павелецкая 
	Парк культуры
	Парк Победы 
	Партизанская
	Первомайская 
	Перово 
	Петровско Разумовская 
	Печатники 
	Пионерская 
	Планерная 
	Площадь Ильича 
	Площадь Революции 
	Полежаевская 
	Полянка 
	Пражская 
	Преображенская площадь 
	Пролетарская 
	Проспект Вернадского 
	Проспект Мира
	Профсоюзная 
	Пушкинская 
	Пятницкое шоссе 
	Речной вокзал 
	Рижская 
	Римская 
	Рязанский проспект 
	Савёловская 
	Свиблово 
	Севастопольская 
	Семёновская
	Серпуховская 
	Славянский бульвар 
	Смоленская 
	Сокол 
	Сокольники 
	Спартак 
	Спортивная 
	Сретенский бульвар 
	Строгино 
	Студенческая 
	Сухаревская
	Сходненская 
	Таганская 
	Тверская
	Театральная
	Текстильщики 
	Тимирязевская 
	Третьяковская
	Тропарёво 
	Трубная 
	Тульская 
	Тургеневская 
	Тушинская 
	Тёплый Стан 
	Улица 
	Улица академика Янгеля 
	Улица Горчакова 
	Улица Скобелевская 
	Улица Старокачаловская 
	Университет 
	Фили 
	Филёвский парк 
	Фрунзенская 
	Царицыно
	Цветной бульвар 
	Черкизовская 
	Чертановская 
	Чеховская 
	Чистые пруды
	Чкаловская 
	Шаболовская 
	Шипиловская 
	Шоссе Энтузиастов 
	Щукинская 
	Щёлковская 
	Электрозаводская 
	юго западная 
	Юго-Западная
	Южная 
	Ясенево
country	Камбоджа
	Доминиканская Республика
	Эль-Сальвадор
	Финляндия
	Гуам
	Гонконг
	Индия
	Ирландия
	Кирибати
	Мали
	Мавритания
	Маврикий
	Федеративные Штаты Микронезии
	Монсеррат
	Мозамбик
	Нигер
	Палау
	Панама
	Румыния
	Россия
	Сьерра-Леоне
	Сингапур
	Соломоновы острова
	Федеративная Республика Сомали
	Южная Африка
	Сент-Люсия
	Швейцария
	Тайвань
	Украина
	Вьетнам
	США
	Беларусь
	Грузия
	Ниуе
	Остров Сен-Бартельми
	Сен-Мартен
	Синт-Маартен
	Антигуа и Барбуда
	Аргентина
	Аруба
	Австрия
	Бенин
	Ботсвана
	Бразилия
	Британские о-ва Тортола
	Камерун
	Каймановы острова
	Центрально-Африканская Республика
	Чили
	Республика Конго
	Коста-Рика
	Чешская Республика
	Египет
	Эстония
	Германия
	Греция
	Гвинея
	Иордания
	Кения
	Лаос
	Латвия
	Люксембург
	Мадагаскар
	Мальдивы
	Северные Марианские острова
	Марокко
	Намибия
	Науру
	Нидерланды
	Новая Каледония
	Папуа - Новая Гвинея
	Пуэрто-Рико
	Катар
	Сан-Томе и Принсипи
	Сенегал
	Испания
	Судан
	Танзания
	Сербия
	Армения
	Кыргызстан
	Маршалловы острова
	Словения
	Острова Херд и Макдональд
	Фарерские острова
	Город Ватикан
	Бонайре
	Абхазия
	Бангладеш
	Острова Кука
	Хорватия
	Куба
	Кипр
	Фиджи
	Франция
	Французская Полинезия
	Гватемала
	Венгрия
	Исландия
	Израиль
	Казахстан
	Лесото
	Макао
	Мальта
	Сент-Китс и Невис
	Оман
	Португалия
	Руанда
	Таиланд
	тайланд
	Теркс и Каикос
	Тувалу
	Великобритания
	Замбия
	Гренландия
	Бутан
	Эритрея
	Туркменистан
	Сен-Пьер и Микелон
	Сан-Марино
	Государство Палестина
	Черногория
	Абхазия
	Андорра
	Ангола
	Багамы
	Бахрейн
	Бермуды
	Бруней
	Буркина-Фасо
	Канада
	Кабо-Верде
	Китай
	Экваториальная Гвинея
	Французская Гвиана
	Гана
	Гибралтар
	Гренада
	Гайана
	Гаити
	Индонезия
	Иран
	Италия
	Южная Корея
	Кувейт
	Либерия
	Ливия
	Малави
	Майотта
	Мексика
	Монако
	Нигерия
	остров Норфолк
	Пакистан
	Парагвай
	Филиппины
	Сейшельские острова
	Тунис
	Венесуэла
	Йемен
	Лихтенштейн
	Северная Корея
	Острова Уоллис и Футуна
	Восточный Тимор
	Южный Судан
	Афганистан
	Албания
	Алжир
	Ангилья
	Австралия
	Азербайджан
	Барбадос
	Бельгия
	Белиз
	Боливия
	Болгария
	Бурунди
	Чад
	Колумбия
	Коморские острова
	Дания
	Джибути
	Доминика
	Эквадор
	Эфиопия
	Габон
	Гамбия
	Гваделупа
	Гвинея-Бисау
	Гондурас
	Ирак
	Берег Слоновой Кости
	Ямайка
	Япония
	Ливан
	Литва
	Македония
	Малайзия
	Мартиника
	Мьянма
	Непал
	Черногория
	Абхазия
	Андорра
	Ангола
	Багамы
	Бахрейн
	Бермуды
	Бруней
	Буркина-Фасо
	Канада
	Кабо-Верде
	Экваториальная Гвинея
	Французская Гвиана
	Гана
	Гибралтар
	Гренада
	Гайана
	Гаити
	Индонезия
	Иран
	Италия
	Южная Корея
	Кувейт
	Либерия
	Ливия
	Малави
	Майотта
	Мексика
	Монако
	Нигерия
	остров Норфолк
	Пакистан
	Парагвай
	Филиппины
	Сейшельские острова
	Тунис
	Венесуэла
	Йемен
	Лихтенштейн
	Северная Корея
	Острова Уоллис и Футуна
	Восточный Тимор
	Южный Судан
	Турция
city	дубая
	екб
	санкт петербург
	шарм эль шейх
	шармаль шейх
	ростов на дону
	спб
	питер
	комсомольск на амуре
	йошкар ола
	улан удэ
	алма ата
	горно алтайск
	южно сахалинск
	рио де жанейро
	сан франциско
	шарм-эш-шейх
	Террасса
	Клаенг
	Гиза
	Табанан
	Амбер
	Турку
	Бурнаби
	Пескара
	Гора Анцио
	Бат-Ям
	Макати
	Сан-Сити
	Натал
	Нойда
	Вечеш
	Себу
	Леванто
	Фарвания
	Финикс
	Бордо
	Ялова
	Гент
	Адехе
	Нэшвилл
	Ровинь
	Хайфа
	Катра
	Эссен
	Несебыр
	Патерна
	Голливуд
	Сиена
	Медан
	Довиль
	Прато
	Марсаскала
	Верона
	Сантаньи
	Рауха
	Загреб
	Салерно
	Аногея
	Корфу
	Порвоо
	Сайл
	Ванс
	Мори
	Таско
	Кьоджа
	Бечичи
	Гарда
	Айя-Напа
	Ялта
	Хельсинки
	Лондон
	Дубай
	Дубаи
	Лас-Вегас
	лас вегас
	Гоа
	Эйлат
	Аланья
	Прага
	Париж
	Берлин
	Таллин
	Афины
	Коста-дель-Соль
	Сиде
	Пекин
	Судак
	Адлер
	Тюмень
	Иркутск
	Симферополь
	Красноярск
	Псков
	Утес
	Анталья
	Рио-де-Жанейро
	Ницца
	Пицунда
	Акаба
	Голуэй
	Тунис
	Лакхнау
	Малакка
	Манила
	Симеиз
	Витязево
	Кострома
	Форос
	Байкальск
	Гомель
	Кохма
	Манавгат
	Халавели
	Меллиха
	Ченгер
	Бююкада
	Даман
	Кефалония
	Дананг
	Канака
	Никозия
	Ко Самет
	Бенидорм
	Наинитал
	Подгорица
	Платаниас
	Кобулети
	Свети-Влас
	Макади-Бэй
	Гёйнюк
	Чамьюва
	Люберцы
	Римини
	Салоу
	Дублин
	Женева
	Мумбаи
	Бишкек
	Белосток
	Будва
	Сан-Ремо
	Эспоо
	Йезоло
	Варна
	Брюгге
	Шанхай
	Юрмала
	Гавана
	Рязань
	Курск
	Пенза
	Петергоф
	Бахчисарай
	Сергиев Посад
	Химки
	Витебск
	Орел
	Тамбов
	Саппоро
	Майами
	Мехико
	Ст. Паул'С Бай
	Рапалло
	Люцерн
	Ибица
	Реус
	Антверпен
	Шарджа
	Сабадель
	Гонолулу
	Вроцлав
	Лион
	Абано-Терме
	Виареджо
	Неттуно
	Гирне
	Тарту
	Обь
	Нахабино
	Байкал
	Могилев
	Саки
	Гродно
	Новый Уренгой
	Люблин
	Тайбэй
	Интерлакен
	Лилль
	Амальфи
	Эйн-Бокек
	Лечче
	Лодзь
	Бале
	Аль-Ака
	Алжир
	Равенна
	Террачина
	Редбридж
	Сабаудиа
	Манама
	Сопот
	Боровое
	Милопотамос
	Репино
	Новый Свет
	Ольгинка
	Весёлое
	Норильск
	Ухта
	Фрайбург
	Шуши
	Лиепая
	Пляж Цетине
	Перуджа
	Каттолика
	Босолей
	Варанаси
	Херцег-Нови
	Ставангер
	Эфорие
	Спата
	Иерапетра
	Ланта
	Лидо-ди-Остия
	Коччи
	Кобрин
	Нижнекамск
	Зыковщина
	Плайя-Мухерес
	Сиракуза
	Амман
	Эймеден
	Оулу
	Сиануквиль
	Торунь
	Саронно
	Вамос
	Помеция
	Печоры
	Штормовое
	Немчиновка
	Троицк
	Покров
	Ньюарк
	Ливерпуль
	Панормо
	Арона
	Джайпур
	Севилья
	Санни-Айлс-Бич
	Сал
	Кройдон
	Наха
	Цель-ам-Зее-Капрун
	Ронда
	Даугавпилс
	Полярные Зори
	Циковице
	Брессо
	Влёра
	Хисаря
	Карвоейру
	Пюрмеренд
	Пругонице
	Кельн
	Блэкпул
	Нуса-Дуа
	Калгари
	Атланта
	Арзамас
	Озерки
	Развилка
	Бухара
	Старе-Яблонки
	Лукка
	Черсегтомай
	Пирей
	Фредериксберг
	Гранд-Каньон
	Корсико
	Анттола
	Мышкин
	Козьи Горы
	Ужгород
	Истье
	Затон
	Монте-Карло
	Кайсери
	Чуган
	Гонконг
	Самуи
	Сеул
	Шарм-эль-Шейх
	Кемер
	Хургада
	Лангкави
	Пенанг
	Сан-Андрес
	Картахена
	Доло
	Венеция
	Нью-Дели
	Коктебель
	Одесса
	Феодосия
	Эсто-Садок
	Суздаль
	Краснодар
	Севастополь
	Минск
	Калининград
	Амстердам
	Мадрид
	Мюнхен
	Пхукет
	Лиссабон
	Сингапур
	Бельдиби
	Куала-Лумпур
	Канкун
	Рим
	Барселона
	Милан
	Будапешт
	Варшава
	Нью-Йорк
	Ростов-на-Дону
	Воронеж
	Волгоград
	Лазаревское
	Гатчина
	Сочи
	Сортавала
	Уфа
	Владимир
	Бангкок
	Тель-Авив
	Астана
	Алматы
	Валенсия
	Баку
	Порту
	Познань
	Танах-Рата
	Кучинг
	Стамбул
	Рига
	Вена
	Ереван
	Дюссельдорф
	Иерусалим
	Токио
	Торонто
	Киев
	Саратов
	Калуга
	Барнаул
	Анапа
	Алушта
	Евпатория
	Алупка
	Краби
	Ко Чанг
	Кейптаун
	Ла-Альтаграсия
	Буэнос-Айрес
	Паттайя
	Пермь
	Хабаровск
	Шереметьево
	Уроа
	Остров Бару
	Кордова
	Героскипу
	Занзибартаун
	Куско
	Киим
	Пурнанкупам
	Бровары
	Черновцы
	Бомбиньяс
	Тасос
	Даламан
	Гудаури
	Миколайки
	Трявна
	Лаагри
	Патонг
	Порт-Блэр
	Гувахати
	Кировск
	Найроби
	Нассау
	Савонлинна
	Сан-Хуан
	Ноябрьск
	Нефтеюганск
	Сан-Хосе
	Тимишоара
	Циндао
	Григорчиково
	Сосны
	Истапа
	Мерсин
	Кретей
	Акапулько
	Аракажу
	Афьон
	Сержи
	Нижняя Беранда
	Котка
	Джайсалмер
	Патрас
	Сарвар
	Шерегеш
	Балаково
	Ораньестад
	Алассио
	Герцлия
	Банф
	Пудучерри
	Эретрея
	Чампино
	Заозерье
	Лефкада
	Грамаду
	Пахара
	Вити-Леву
	Лутраки
	Борнмут
	Пуэрто-Авентурас
	Балнеарио-Камбориу
	Сен-Рафаэль
	Масса-Лубренсе
	Курорт Росес
	Каменномостский
	Новая Купавна
	Лесной
	Дивноморское
	Майори
	Кала Ратьяда
	Биробиджан
	Кумараком
	Скарину
	Ла-Пинеда
	Коста-дель-Асаар
	Конакли
	Кавелоссим
	Мар дель Плата
	Сан-Лоренсо
	Балатондьерок
	Портал Де Л'Ангел
	Куала-Кангсар
	Муннар
	Камасари
	Порт-Диксон
	Каламбака
	Вагатор
	Замарди
	Яликавак
	Тбилиси
	Большая Нойда
	Макао
	Млини
	Свиноустье
	Остров Ребак
	Котор
	Полигирос
	Чимкент
	Флоренция
	Сан-Хавьер
	Изола
	Сон-Бауло
	Вильнюс
	Брюссель
	Льорет-де-Мар
	Неаполь
	Братислава
	Генуя
	Самара
	Красная Поляна
	Домодедово
	Москва
	Казань
	Екатеринбург
	Тверь
	Астрахань
	Томск
	Местре
	Клайпеда
	Стокгольм
	Карловы Вары
	Краков
	Майами-Бич
	Болонья
	Гданьск
	Дрезден
	Копенгаген
	Абу-Даби
	Киров
	Светлогорск
	Заозерное
	Брянск
	Брест
	Оренбург
	Омск
	Выборг
	Внуково
	Тула
	Иваново
	Смоленск
	Балашиха
	Тольятти
	Каунас
	Паланга
	Салоники
	Родос
	Палермо
	Лимассол
	Канны
	Марсель
	Плайя-де-Пальма
	Лос-Анджелес
	Зальцкаммергут
	Орландо
	Цюрих
	Ларнака
	Пушкин
	Зеленоградск
	Подольск
	Улан-Удэ
	Белгород
	Липецк
	Ижевск
	Чебоксары
	Серпухов
	Сукко
	Ташкент
	Сан-Паулу
	Херсониссос
	Батуми
	Слима
	Друскининкай
	Монако
	Белек
	Нюрнберг
	Агра
	Катания
	Пиза
	Кальвиа
	Калелья
	Гуанчжоу
	Листвянка
	Вардане
	Ессентуки
	Переславль-Залесский
	Тобольск
	Мытищи
	Береговое
	Джубга
	Архангельск
	Сан-Франциско
	Турин
	Таррагона
	Кишинёв
	Штутгарт
	Кашкайш
	Гургаон
	Бостон
	Хошимин
	Бухарест
	Эдинбург
	Ганновер
	Роттердам
	Нячанг
	Лобня
	Волжский
	Домбай
	Кабардинка
	Кемерово
	Махачкала
	Львов
	Южно-Сахалинск
	Ст. Джулиан'С
	Парижский Диснейленд
	Кастельдефельс
	Бодрум
	Ватикан
	Каир
	Любляна
	Антиб
	Анкара
	Брно
	остров Боракай
	Швянтойи
	Ираклион
	Камбрилс
	Сесто-Сан-Джованни
	Бари
	Ставрополь
	Рыбинск
	Партенит
	Курган
	Якутск
	Пафос
	Гаага
	Протарас
	Искья
	Ванкувер
	Осака
	Кута
	Фуншал
	Бергамо
	Малага
	Падуя
	Триест
	Страсбург
	Гранада
	Дортмунд
	Провинции Монца и Брианца
	Измир
	Хевиз
	Лейпциг
	Селимийе
	Иматра
	Мале
	Осташков
	Харьков
	Одинцово
	Пальма-де-Майорка
	Маарду
	Денизяка
	Дубровник
	Ниагара-Фолс
	Бангалор
	Коста-де-ла-Лус
	Нарва-Йыэсуу
	Остров Санторини
	Вашингтон
	Сан-Жозеф де Са Талая
	Замки Луары
	Люксембург
	Остров Маэ
	Баден-Баден
	Саранск
	Нальчик
	Пушкино
	Дивеево
	Голубицкая
	Барбера-дель-Вальес
	Риччоне
	Локет
	Олудениз
	Касабланка
	Остров Бинтан
	Семиньяк
	Сан-Жоан-Деспи
	Бильбао
	Амритсар
	Йоханнесбург
	Бирмингем
	Бланес
	Абакан
	Поповка
	Уссурийск
	Румянцево
	Валдай
	Нижневартовск
	Великий Устюг
	Ольбия
	Бадхевердорп
	Майнц
	Таормина
	Берген
	Мельбурн
	Бейрут
	Арцахена
	Фантхьет
	Росни-су-Буа
	Хуахин
	Ретимнон
	Санта-Сусанна
	Морское
	Балаклава
	Изборск
	Опочка
	Горно-Алтайск
	Наро-Фоминск
	Азов
	Головинка
	Ногинск
	Ишим
	Портороз
	Душанбе
	Арполахти
	Ропчице
	Дигдага
	Агадир
	Ле-Блан-Мениль
	Джардини-Наксос
	Молинс-де-Рей
	Хидерабад
	Тамунинг
	Шэньчжэнь
	Чиангмай
	Санья
	Мальграт-де-Мар
	Сан-Диего
	Харлем
	Дмитров
	Магнитогорск
	Архипо-Осиповка
	Ейск
	Минеральные Воды
	Темрюк
	Кальяри
	Ченнаи
	Кассандра
	Закопане
	Санта-Круз-де-Тенерифе
	Сан-Бартоломе-де-Тирахана
	Ксежино
	Джедда
	Хилверсюм
	Киото
	Тиват
	Винодельческий регион Рейнгау
	Вила-Сека
	Жирона
	Толедо
	Манчестер
	Николо-Урюпино
	Ханты-Мансийск
	Гаспра
	Кузнечиха
	Большая Ялта
	Мирный
	Мекка
	Санур
	Бадалона
	Сплит
	Мальме
	Монтеротондо
	Сорренто
	Варадеро
	Хаммамет
	Бандунг
	Горы Беверли-Хиллс
	Вила-Нова-ди-Гая
	Монтекатини-Терме
	Латина
	Колката
	Аннеси
	Лаппеэнранта
	Джермук
	Фьяно-Романо
	Ханой
	Любек
	Звенигород
	Горем
	Дахаб
	Улан-Батор
	Карлсруэ
	Сирмионе
	Кота-Кинабалу
	Самарканд
	Марракеш
	Сан-Мигель-де-Абона
	Гаета
	Умхланга
	Вари-Вула-Вулиагмени
	Сус
	Беллария-Иджеа-Марина
	Аньяланкоски
	Массури
	Железноводск
	Суоярви
	Сестрорецк
	Руби
	Тампере
	Окленд
	Пинеда-де-Мар
	Арнавуткёй
	Куантрен
	Фос-ду-Игуасу
	Лозанна
	Истерн-Сабербс
	Степанакерт
	Сан-Себастьян
	Дезенцано-дель-Гарда
	Хофддорп
	Гюзельчамлы
	Льеж
	Майрхофен
	Аджман
	Алькудия
	Миконос
	Вяртсиля
	Янтарный
	Утрехт
	Киссимми
	Тулуза
	Эльвшё
	Айос Николаос
	Санта-Маргарита
	Вилласимиус
	Сан-Бьяджо-ди-Каллальта
	Ливорно
	Кенмор
	Белфаст
	Сакрофано
	Острова Пипи
	Тревизо
	Чезенатико
	Мольяно-Венето
	Градо
	Фельдкирхен
	Калензано
	Лос-Реалехос
	Такуа Па
	Магадан
	Борисполь
	Аль-Вакра
	Словенска-Быстрица
	Ичмелер
	Катовице
	Панама-Сити
	Сиэтл
	Трапани
	Легиан
	Ждиар
	Бентота
	Пескьера-дель-Гарда
	Бургас
	Кананаскис
	Монтрё
	Аугсбург
	Солнечногорск
	Красное Село
	Токсово
	Озеры
	Лахденпохья
	Брешиа
	Фуэнхирола
	Бяла-Подляска
	Пладжа-де-Аро
	Сант'Анджелло
	Лёвен
	Брашов
	Людвигсфельде
	Преганцьоль
	Закинф
	Марн-ла-Валле
	Ньютон
	Форте-дей-Марми
	Джерси
	Эйндховен
	Вельск
	Мисхор
	Щёлкино
	Ачинск
	Грас
	Стреза
	Калабасас
	Пунта Кана
	Марбелья
	Петровац
	Атлантик-Сити
	Дакка
	Кизилот
	Анахайм
	Нойфарн-Фрайзинг
	Банско
	Бромма
	Мускат
	Лехтальские Альпы
	Гзира
	Йорк
	Кхор-Факкан
	Манжерок
	Комсомольск-на-Амуре
	Оэйраш
	Гюнцбург
	Пярну
	Цавтат
	Пайяллар
	Санторини
	Сиемреап
	Ко-Пханган
	Лас-Пальмас-де-Гран-Канария
	Лима
	Ульцинь
	Шринагар
	Фюссен
	Пьештяны
	Богота
	Южный Гоа
	Гарибальди
	Кскарет
	Ломоносов
	Медовеевка
	Руза
	Миссиссауга
	Пореч
	Рива-дель-Гарда
	Базель
	Авиньон
	Рогашка Слатина
	Амстелвен
	Сутоморе
	Поморие
	Рованиеми
	Гейдельберг
	Парма
	Гармиш-Партенкирхен
	Малахат
	Устье
	Парковое
	Таруса
	Аше
	Ильичево
	Октябрьский
	Кальдас-де-Эстрач
	Балатонфюред
	Карвендель
	Вальс
	Новая Вальярта
	Мизано-Адриатико
	Глайфада
	Антигуа
	Церматт
	Лойкербад
	Кушадасы
	Монроч-дел-Камп
	Капри
	Кап д'Ай
	Котляково
	Майкоп
	Димитровград
	Бузулук
	Ниагара-Фолс
	Маратон
	Саттахип
	Ачи-Кастелло
	Казерта
	Медельин
	Варацце
	Аристотелес
	Устронье-Морские
	Зиндельфинген
	Хеймаркет
	Сен-Тропе
	Северный пляж
	Червия
	Александрия
	Сан Феличе Чирчео
	Северодвинск
	Якорная Щель
	Коблево
	Форт-Лодердейл
	Ханья
	Эскальдес-Энгордань
	Гаштайнерталь
	Инглвуд
	Пуэрто-Вальярта
	Ла Гауде
	Бордес-д'Энвалира
	Прайа ду Форте
	Уэст-Голливуд
	Йокогама
	Кембридж
	Бурса
	Рамбла-де-Каталония
	Камайоре
	Треццано-суль-Навиглио
	Портленд
	Конты-Рыбацке
	Малореченское
	Елец
	Звизжи
	Сантьяго-дель-Тейде
	Арензано
	Брестовица
	Моган
	Кармиэль
	Вильявисенсьо
	Нагоя
	Монбрио-дель-Камп
	Северная часть Мертвого моря
	Куарто-д'Альтино
	Помпеи
	Глазго
	Жуанвиль-ле-Пон
	Сент-Гервази
	Дедовск
	Южный Гламорган
	Моконези
	Север Окинавы
	Денпасар
	Кинта Авенида
	Фрежюс
	Атолл Каафу
	Торри-дель-Бенако
	Куарту-Сант-Элена
	Мангейм
	Ливиньо
	Санта-Моника
	Позитано
	Эль-Ареналь
	Ингольштадт
	Тучково
	Горячий Ключ
	Хиллингдон
	Оффенбах
	Квинстаун
	Пьетразанта
	Сон-Сервера
	Дармштадт
	Савона
	Даллас
	Медина
	Далянь
	Риомаджоре
	Аликанте
	Висбаден
	Вюрцбург
	Вудхейвен
	Оттава
	Банг-Пхли
	Амагер-Айленд
	Брела
	Кюнгенс-Курва
	Игуасу
	Лонавала
	Као Лак
	Биарриц
	Вильнёв-Лубе
	Серферс-Парадайз
	Линьяно-Саббьядоро
	Анкона
	Пномпень
	Кэрнс
	Филадельфия
	Форталеза
	Фукуока
	Паданг
	Харбин
	Йоенсуу
	Манисес
	Квебек
	Руан
	Брисбен
	Тируванантапурам
	Монпелье
	Ла-Корунья
	Остров Фукуок
	Росток
	Лугано
	Рабат
	Секокус
	Мира
	Ачиреале
	Гроссето
	Солна
	Унтерхахинг
	Грозный
	Вупперталь
	Анакапри
	Блед
	Алькала-де-Энарес
	Магдебург
	Сеграте
	Валлроманас
	Плайя-де-Муро
	Дельфи
	Кампи Бизенцио
	Норт-Берген
	Кордова
	Сестри-Леванте
	Дзержинский
	Портиман
	Пула
	Лапу-Лапу
	Софиа-Антиполис
	Тиволи
	Вина дель Мар
	Фраскати
	Шипхол
	Диано-Марина
	Летоджанни
	Полленса
	Саариселькя
	Хар
	Сан-Жуст-Десверн
	Гиа-де-Исора
	Вентимилья
	Чезена
	Сан-Вито-Ло-Капо
	Финале-Лигуре
	Тропея
	Поццуоли
	Гангток
	Розьяно-Мариттимо
	Сен-Мало
	Кона Кост
	Ситония
	Гайар
	Карангасем
	Силвасса
	Джульяно-ин-Кампанья
	Киссамос
	Монелья
	Кирьят-Анавим
	Тургутрейс
	Эбен
	Новента-ди-Пьяве
	Джокьякарта
	Пляж Северный Гоа
	Амби Вэлли Сити
	Плайякар
	Сплит-Айлендс
	Ла-Олива
	Центр Окинавы
	Коробово
	Хиккадува
	Усть-Каменогорск
	Нанкин
	Лейк Буэна Виста
	Согвипхо
	Казбеги
	Балтийск
	Мещерино
	Старый Оскол
	Бобруйск
	Приморье
	Торжок
	Саров
	Оползневое
	Орджоникидзе
	Киос
	Торремолинос
	Гили Траванган
	Махабалешвар
	Кабо-Сан-Лукас
	Палм-Бич
	Глаттбург
	Сан-Хосе-дель-Кабо
	Кастелламмаре-дель-Голфо
	Кореиз
	Великие Луки
	Габичче-Маре
	Манхэттен
	Пьяно-ди-Сорренто
	Катерини
	Негомбо
	Арлингтон
	Мужен
	Больё-сюр-Мер
	Агиос-Василиос
	Альтафулья
	Белореченск
	Чандигарх
	Биллунд
	Сан-Хосе
	Терразини
	Канико
	Рокс
	Бенальмадена-Коста
	Рокбрюн-Кап-Мартен
	Ротенбург-об-дер-Таубер
	Регенсбург
	Нойс
	Неа Пропонтида
	Ла Специа
	Буссоленго
	Плайа-дель-Кармен
	Джимбаран
	Сентендре
	Георгиополис
	Стод
	Агиа-Триада
	Кифисия
	Остров Батам
	Чакви
	Гандиа
	Бар
	Керимаки
	Мёдон
	Горнолыжный курорт Сантандер
	Сантьяго-де-Компостела
	Эр-Рияд
	Остров Праслин
	Пуэрто Плата
	Марсала
	Фес
	Ашхайм
	Яйса
	Термы Св. Юлиана
	Фошан
	Тампа
	Сальвадор
	Монтего-Бей
	Наго-Торболе
	Можайск
	Монастьер-ди-Тревизо
	Бакуриани
	Понта-Делгада
	Монастир
	Мерида
	Казаль-Палоччо
	Сант-Кугат-дель-Вальес
	Вишневая долина
	Фатерштеттен
	Барранкилья
	Модиин-Маккабим-Реут
	Кос
	Орозеи
	Ферми
	Наска
	Кампанья-Лупия
	Альборайя
	Вороново
	Окуловка
	Нафплион
	Доха
	Буэнависта-дель-Норте
	Лес-Франкесес-дель-Вальес
	Трабзон
	Висакхапатнам
	Эдмонтон
	Келоуна
	Гардоне-Ривьера
	Новы-Сонч
	Венеция - Лидо
	Ахмедабад
	Жешув
	Шимла
	Самос
	Тронхейм
	Кхонкэн
	Сорочинск
	Ла-Рошель
	Луксор
	Порт-Элизабет
	Ла Лагуна
	Свети-Стефан
	Бангламунг
	Джохор-Бахру
	Казаули
	Крыница-Здруй
	Славское
	Николаев
	Каукайя
	Остров Сир-Бани-Яс
	Индаур
	Каваллино-Трепорти
	Утторда
	Туйнехе
	Ламеция Терме
	Балок
	Сенджиги
	Форца д'Агро
	Инджекум
	Шамони-Монблан
	Кунфунаду
	Эксетер
	Табаш
	Пляж Бонита
	Рын
	Ле-Ламантен
	Канаккале
	Озеро Архентино
	Махабалипурам
	Мирихи
	Башка-Вода
	Кальдас-де-Малавелья
	Сан-Теодоро
	Рикади
	Швангау
	Денвер
	Умаг
	Ньюкасл
	Майорка Ортизеи
	Ширди
	Санта-Марта
	Сперлонга
	Полис
	Вильпент
	Пьеве-Эмануэле
	Хаапсалу
	Барилоче
	Лимоне-Суль-Гарда
	Монемвасия
	Нави-Мумбай
	Нафталан
	Ла-Диг
	Бока Чика
	Абрамцево
	Абрау-Дюрсо
	Рамат-Ган
	Чаам
	Мидун
	Бело Хоризонт
	Торроэлья-де-Монгри
	Косумель
	Тверия
	Ринкон-де-Гуайабитос
	Видное
	Империа
	Симамото
	Лахайна
	Александруполис
	Монтегротто-Терме
	Зелёная Поляна
	Сараево
	Сувалки
	Пасай
	Ути
	Сиджес
	Рокетас-де-Мар
	Бохум
	Пуэрто-де-ла-КруОсло
	София
	Кута Селетан
	Чикаго
	Нарва
	Коста-Бланка
	Гамбург
	Пусан
	Сидней
	Ломаццо
	Андорра-ла-Велья
	Алмада
	Эклингджи
	Углич
	Йошкар-Ола
	Большой Геленджик
	Колпино
	Звенигород
	Керчь
	Сыктывкар
	Кача
	Ульяновск
	Королев
	Джемете
	Рейкьявик
	Бремен
	Хьюстон
	Монреаль
	Бонн
	Инсбрук
	Сантьяго
	Мольет-дель-Вальес
	Шийи-Мазарен
	Матаро
	Полеми
	Малевизи
	Старый район Несебра
	Эрдинг
	Кастель-Пладжа-де-Аро
	Сызрань
	Ковров
	Черноморское
	Железнодорожный
	Картмазово
	Солнечногорское
	Халкидон
	Убуд
	Кальдес-де-Монтбуй
	Базильо
	Оксфорд
	Кандолим
	Виллафранка-ди-Верона
	Дурбан
	Гёчек
	Гётеборг
	Ментона
	Комо
	Брайтон
	Нетания
	Актау
	Калонже
	Джаспер
	Емельяново
	Зеленодольск
	Котельники
	Армавир
	Фаро
	Золотые пески
	Декелия
	Сарагоса
	Янгон
	Сиань
	Мармарис
	Потсдам
	Санта-Эулалия-дель-Рио
	Атырау
	Денизли
	Чинизелло-Бальзамо
	Гдыня
	Аарста
	Малинска
	Инчхон
	Окланд
	Чехов
	Андреевка
	Паянган
	Сен-Лоран-дю-Вар
	Лауласмаа
	Берн
	Бад-Райхенхалль
	Питсбург
	Синра
	Новый Орлеан
	Канделария
	Кастельнуово-дель-Гарда
	Пуна
	Руасси-ан-Франс
	Ки-Уэст
	Экс-ан-Прованс
	Бель-Мар
	Лация
	Чолакли
	Марино
	Лонг-Бич
	Джакарта
	Аккра
	Витковице
	Курово
	Елабуга
	Сен-Жуан-де-Лабриджа
	Маньи-лез-Амо
	Агверан
	Вяаксю
	Рабац
	Кавала
	Катманду
	Бордигьера
	Тракай
	Церковь Шакка
	Петалинг-Джая
	Зальцбург
	Оахака
	Биббона
	Пунта-Мита
	Виллинджили-Айленд
	Бенаулим
	Вунгтау
	Веревское
	Аахен
	Горис
	Перт
	Ушуайя
	Водопады Виктория
	Вестец
	Щецин
	Коренов
	Хагерстен
	Керетаро
	Прайано
	Cтруньян
	Колва
	Груда
	Задар
	Наантали
	Дербент
	Аксай
	Боровец
	Казале Пизана
	Буссум
	Хойан
	Брест
	Вандельос-и-ла-Оспиталет-дель-Инфант
	Милна
	Кастелоризо
	Альмерия
	Валетта
	Масатлан
	Калангут
	Ситиа
	Фигерас
	Дения
	Лё Меснил Амело
	Альфас-дель-Пи
	Колобжег
	Дальвиц-Хоппегартен
	Брения-Баха
	Нови Сад
	Монтероссо-аль-Маре
	Сен-Сир-Л'Эколь
	Вольпьяно
	Целль-ам-Зе
	Пуэбла
	Нунгви
	Андрач
	Пайн-Кей
	Нашик
	Альмуньекар
	Зандвоорт
	Ле-Канне
	Пунта Бальена
	Пльзень
	Филлах
	Превеза
	Тортоли
	Урай
	Скопье
	Кайо Санта Мария
	Ларго-дель-Сур
	Корнелья-де-Льобрегат
	Графство Уотерфорд
	Анкоридж
	Корк
	Чеджу
	Сольер
	Албуфейра
	Чэнду
	Килларни
	Пекату
	Белладжио
	Чефалу
	Юмбо
	Боа Виста
	Соузга
	Березовский
	Татранска Ломница
	Фьюджи
	Волос
	Грац
	Сепанг
	Остенде
	Пувар
	Бирзеббуджа
	Кхаджурахо
	Самсун
	Палау
	Масса
	Ветрни
	Гаосюн
	Рианьо
	Сарсель
	Острава
	Картахена
	Урумчи
	Пулково
	Жлобин
	Лунево
	Дагомыс
	Хужир
	Егорьевск
	Кингисепп
	Сигулда
	Районг
	Лагуш
	Люсия
	Уэйлея
	Пезаро
	Лийнден
	Кота-Бару
	Алимос
	Дарзини
	Ульм
	Белград
	Вадодара
	Химскерк
	Солнечный берег
	Гранольерс
	Долина Ярра
	Аэропорт Орио-аль-Серио
	Сосуа
	Тирасполь
	Тегисе
	Сант-Антони-де-Портмани
	Ферней-Вольтер
	Рамзай
	Улица Героев Монте-Кассино
	Природный парк Албуфейра
	Коломбо
	Оспиталет-де-Льобрегат
	Серданьола-дель-Вальес
	Флорианополис
	Монтевидео
	Франкфурт-на-Майне
	Генерал-Кантраджиево
	Остров Тиоман
	Парадайз Айленд
	Сокчо
	Кьянчиано-Терме
	Кастелламмаре-ди-Стабия
	Большой Сочи
	Стерегущее 
	Кангу
	Региональный природный парк Монтемарчелло
	Сан-Микеле-аль-Тальяменто
	Ришикеш
	Сен-Мартен-дё-Бельвиль
	Локошаза
	Ладисполи
	Алжеро
	Кань-сюр-Мер
	Эсплугес-де-Льобрегат
	Доманьяно
	Харкервилл
	Монткада-и-Решак
	Виктория
	Сан-Бартоломео-аль-Маре
	Нережине
	Кесон-Сити
	Джамшедпур
	Такуа-Тунг
	Маравила
	Гневино
	Завентем
	Бейт-Йегошуа
	Калкудах
	Пуэрто-Принцеса
	Охрид
	Каракас
	Сан-Джованни-Лупатото
	Санта-Тереза-Галлура
	Суни-Занакия
	Церковь Св. Маргариты Лигурийской
	Кицбюэльские Альпы
	Ла Плань
	Мандельё-ла-Напуль
	Гагра
	Среднеуральск
	Исторический центр Ярославля
	Катре-Борне
	Бардолино
	Набеул
	Санта-Барбара
	Тихвин
	Лоо
	Хвалынск
	Находка
	Туапсе
	Миасс
	Небуг
	Пляхо
	Кубинка
	Уч-Дере
	Истра
	Пикино
	Ангарск
	Орск
	Ярославль
	Великий Новгород
	Пятигорск
	Владикавказ
	Луховицы
	Муром
	Мурманск
	Кириши
	Рыбачье
	Тамань
	Александров
	Луга
	Макопсе
	Костино
	Кисловодск
	Новосибирск
	Нижний Новгород
	Челябинск
	Красногорск
	Владивосток
	Бор
	Межводное
	Красносёловка
	Каменское
	Кинешма
	Орлово
	Геленджик
	Санкт-Петербург
	Вологда
	Череповец
	Николаевка
	Сургут
	Долгопрудный
	Чита
	Таганрог
	Новокузнецк
	Обнинск
	Коломна
	Петропавловск-Камчатский
	Тотьма
	Голицыно
	Щербинка
	Старая Ладога
	Электросталь
	Вытегра
	Новомихайловский
	Днепропетровск
	Волковское
	Альметьевск
	Благовещенск
	Зеленоград
	Терскол
	Шлиссельбург
	Пушкинские Горы
	Обнинск
	Плёс
	Батайск
	Новочебоксарск
	Зеленогорск
	Черкассы
	Путилково
	Дзержинск
	Барвиха
	Городец
	Ивантеевка
	Кандалакша
	Талдом
	Затока
	Дроздово
	Опалиха
	Чайковский
	Котлас
	Энгельс
	Бийск
	Новоабзаково
	Ростов Великий
	Хоста
	Новороссийск
	Солнечное
	Приморский
	Бжид
	Абзаково
	Михайловка
	Нижний Тагил
	Элиста
	Калязин
	Патрушево
	Дубинино
	Салехард
	Чулково
	Дворики
	Петрозаводск
	Набережные Челны
	Ступино
	Приморский 
	Щелково
	Брехово
	Гюмри
	Эз
	Канди
	Ренн
	Вера
	Куусамо
	Остин
	Иос
	Анджуна
	Манакор
	Сигна
	Мендоса
	Дорал
