хостел	['acm_hostel']
хостел в москве	['acm_hostel', 'city']
египет шарм эль шейх	['country']
гостиницы москвы	['acm_gost', 'city']
гостиницы санкт-петербурга	['acm_gost', 'city']
греция отдых 2015 цены	['acm_obj', 'country', 'date_year']
хостелы санкт-петербурга	['acm_hostel', 'city']
хостел москва	['acm_hostel', 'city']
хостелы в москве	['acm_hostel', 'city']
островок	['agregator_ostrovok']
туры в египет	['country', 'tour']
хостелы москвы	['acm_hostel', 'city']
отели хургады	['acm_hotel', 'city']
островок.ру	[]
хостел в москве	['acm_hostel', 'city']
